{
  "UpdateUser2" : {
    "transaction" : "UpdateUser2",
    "sampleCount" : 252,
    "errorCount" : 0,
    "errorPct" : 0.0,
    "meanResTime" : 103.968253968254,
    "medianResTime" : 81.5,
    "minResTime" : 1.0,
    "maxResTime" : 513.0,
    "pct1ResTime" : 263.0,
    "pct2ResTime" : 344.44999999999993,
    "pct3ResTime" : 458.49999999999994,
    "throughput" : 60.33038065597319,
    "receivedKBytesPerSec" : 10.781698886760834,
    "sentKBytesPerSec" : 26.689123473785017
  },
  "Loginuser1" : {
    "transaction" : "Loginuser1",
    "sampleCount" : 252,
    "errorCount" : 0,
    "errorPct" : 0.0,
    "meanResTime" : 150.54761904761912,
    "medianResTime" : 135.0,
    "minResTime" : 1.0,
    "maxResTime" : 633.0,
    "pct1ResTime" : 303.40000000000003,
    "pct2ResTime" : 372.09999999999997,
    "pct3ResTime" : 519.3599999999999,
    "throughput" : 60.810810810810814,
    "receivedKBytesPerSec" : 10.689400337837837,
    "sentKBytesPerSec" : 12.767894847972972
  },
  "UpdateUser3" : {
    "transaction" : "UpdateUser3",
    "sampleCount" : 252,
    "errorCount" : 0,
    "errorPct" : 0.0,
    "meanResTime" : 77.32539682539692,
    "medianResTime" : 9.0,
    "minResTime" : 1.0,
    "maxResTime" : 628.0,
    "pct1ResTime" : 232.0,
    "pct2ResTime" : 276.35,
    "pct3ResTime" : 409.35,
    "throughput" : 60.30150753768844,
    "receivedKBytesPerSec" : 10.953203517587939,
    "sentKBytesPerSec" : 26.617462311557787
  },
  "Loginuser2" : {
    "transaction" : "Loginuser2",
    "sampleCount" : 252,
    "errorCount" : 0,
    "errorPct" : 0.0,
    "meanResTime" : 75.69841269841271,
    "medianResTime" : 10.0,
    "minResTime" : 1.0,
    "maxResTime" : 523.0,
    "pct1ResTime" : 210.00000000000017,
    "pct2ResTime" : 283.2499999999999,
    "pct3ResTime" : 430.35,
    "throughput" : 61.224489795918366,
    "receivedKBytesPerSec" : 10.642538265306124,
    "sentKBytesPerSec" : 12.854751275510205
  },
  "Loginuser3" : {
    "transaction" : "Loginuser3",
    "sampleCount" : 252,
    "errorCount" : 0,
    "errorPct" : 0.0,
    "meanResTime" : 81.80158730158725,
    "medianResTime" : 23.5,
    "minResTime" : 1.0,
    "maxResTime" : 431.0,
    "pct1ResTime" : 223.70000000000002,
    "pct2ResTime" : 304.15,
    "pct3ResTime" : 413.40999999999997,
    "throughput" : 60.854865974402315,
    "receivedKBytesPerSec" : 10.87543014972229,
    "sentKBytesPerSec" : 12.717716131369235
  },
  "UpdateUser1" : {
    "transaction" : "UpdateUser1",
    "sampleCount" : 252,
    "errorCount" : 0,
    "errorPct" : 0.0,
    "meanResTime" : 103.57142857142854,
    "medianResTime" : 50.0,
    "minResTime" : 1.0,
    "maxResTime" : 551.0,
    "pct1ResTime" : 263.40000000000003,
    "pct2ResTime" : 373.49999999999994,
    "pct3ResTime" : 542.94,
    "throughput" : 60.417166147206906,
    "receivedKBytesPerSec" : 12.685244845360824,
    "sentKBytesPerSec" : 26.72751588348118
  },
  "Total" : {
    "transaction" : "Total",
    "sampleCount" : 3024,
    "errorCount" : 0,
    "errorPct" : 0.0,
    "meanResTime" : 120.0406746031745,
    "medianResTime" : 102.0,
    "minResTime" : 1.0,
    "maxResTime" : 645.0,
    "pct1ResTime" : 286.0,
    "pct2ResTime" : 361.0,
    "pct3ResTime" : 473.0,
    "throughput" : 684.6275752773375,
    "receivedKBytesPerSec" : 211.94037242472268,
    "sentKBytesPerSec" : 220.4647880348653
  },
  "ApplyLoan1" : {
    "transaction" : "ApplyLoan1",
    "sampleCount" : 504,
    "errorCount" : 0,
    "errorPct" : 0.0,
    "meanResTime" : 123.94642857142846,
    "medianResTime" : 118.0,
    "minResTime" : 3.0,
    "maxResTime" : 505.0,
    "pct1ResTime" : 274.5,
    "pct2ResTime" : 327.5,
    "pct3ResTime" : 464.4499999999999,
    "throughput" : 119.6865352647827,
    "receivedKBytesPerSec" : 22.265903289004985,
    "sentKBytesPerSec" : 36.05790637615768
  },
  "ApplyLoan2" : {
    "transaction" : "ApplyLoan2",
    "sampleCount" : 252,
    "errorCount" : 0,
    "errorPct" : 0.0,
    "meanResTime" : 121.54761904761895,
    "medianResTime" : 104.5,
    "minResTime" : 3.0,
    "maxResTime" : 462.0,
    "pct1ResTime" : 274.2000000000001,
    "pct2ResTime" : 349.15,
    "pct3ResTime" : 439.23,
    "throughput" : 60.359281437125745,
    "receivedKBytesPerSec" : 10.374251497005988,
    "sentKBytesPerSec" : 18.213884730538922
  },
  "RegisterCustomer3" : {
    "transaction" : "RegisterCustomer3",
    "sampleCount" : 252,
    "errorCount" : 0,
    "errorPct" : 0.0,
    "meanResTime" : 256.2896825396824,
    "medianResTime" : 231.0,
    "minResTime" : 35.0,
    "maxResTime" : 645.0,
    "pct1ResTime" : 437.40000000000003,
    "pct2ResTime" : 487.7,
    "pct3ResTime" : 628.23,
    "throughput" : 60.3448275862069,
    "receivedKBytesPerSec" : 101.83189655172413,
    "sentKBytesPerSec" : 7.307381465517241
  },
  "RegisterCustomer2" : {
    "transaction" : "RegisterCustomer2",
    "sampleCount" : 252,
    "errorCount" : 0,
    "errorPct" : 0.0,
    "meanResTime" : 98.31349206349208,
    "medianResTime" : 57.0,
    "minResTime" : 1.0,
    "maxResTime" : 525.0,
    "pct1ResTime" : 262.70000000000005,
    "pct2ResTime" : 304.8499999999999,
    "pct3ResTime" : 491.37999999999994,
    "throughput" : 64.49961607371385,
    "receivedKBytesPerSec" : 12.408617545431277,
    "sentKBytesPerSec" : 28.53352156385974
  },
  "RegisterCustomer1" : {
    "transaction" : "RegisterCustomer1",
    "sampleCount" : 252,
    "errorCount" : 0,
    "errorPct" : 0.0,
    "meanResTime" : 123.53174603174604,
    "medianResTime" : 105.0,
    "minResTime" : 1.0,
    "maxResTime" : 484.0,
    "pct1ResTime" : 292.80000000000007,
    "pct2ResTime" : 375.09999999999997,
    "pct3ResTime" : 454.28999999999996,
    "throughput" : 63.49206349206349,
    "receivedKBytesPerSec" : 12.214781746031747,
    "sentKBytesPerSec" : 28.025793650793652
  }
}